00b2ea1fc8bf0bfe60e56082213e6bed,16
00eef1797222dca040123a7e9b4eaf7a,16
01c67c7c9fc8d94bfb515afbc8ae854b,11
0204cb67eac180437f8b8fe7834998af,7
044cd30fc51c1379395385c05e2a324b,17
049f9c4542cf015d61d447c8b5a57931,17
06554b8aaf2ab371869c58d5207bda64,5
066ff3ed55ae35dacec14b445b05e81c,17
070d5ccb9dce4e2957cebc9224baebcd,17
0a2f0a6758c725d341db6d2153a90d20,17
0b51ac8fdc2920dd71e82fc11c03c987,16
0b5b0f91000a7fd24552781505adc344,16
0b676df74f5e8d32d2ab79072210c186,17
0b806349b7e72fda0013e86bcd7b9919,17
0b84f0617260866605f27b18ae64cfd4,12
0c061b54a196635eb86f5e72cb95c0ef,5
0d04e73270e9305eafd00706910c944b,17
0dd67c8c70bbba016e962040cf0fb512,17
0f765426fbc62f8b9e25cdad1175d129,17
0feb1e3c6ccc98c1b3fde232341f79f9,16
11e67587d4ad2c002cb2be619195e271,17
1265055d31db1e2d5ba9e7a0595e05bd,16
129dd19399608d0d73000551542bfa39,17
136e8f4974e41175231bb5852e843a1c,17
151E2920-936A-4D82-A43D-3567D4697ED0,1
1524033e8bf8cd020ad620d68e97dd52,16
16c45cd282d0ff801c30a952c91cb6aa,16
17294555a2ed9f24eb8ce62248737715,17
17dc5207c4a6945c704352206f711bc2,17
1889943b107c23ffcab42985593caf82,16
18f18a41404f0d3c623b7e59feb3be2d,17
1953e77465c646515409cf8ce828d354,5
1b26ae6e8948a6e0faa93c5b417f38f7,1
1ba9546fd4878e1ec9f228c88f8ff20b,17
1c130e413cd9c66cee27776b35e9d71f,17
1c309472b015c72a2b899b2fc71c1ed4,17
1dd39f62673622f14086c113f6927583,17
1f63617db49221b37d2ac3bd27176247,17
1f6b898361251db308d54905d1608ea3,17
2427a499c145eb87c0ae5a403d6597f5,16
243487d8e45863411b5b32ba25ee2291,1
245f76771dd39487ea9d8eafc75a6b60,17
24f6faa42d8cc471d03f16d85c343ff4,17
263d142b8891d81cabe04ede95de1c73,4
273cddc1b2710b8c02a3f38d203d8fe0,5
279eed71321d605ebdcffdb8a28fbdfc,17
27f20a8fbbb36fb0f5495d6e59934881,17
28ae3114a4258eb2887921b6de8036ba,16
2967cee6d57b148861524716ecea3240,7
297031ab17549699a54d2b26d295420d,17
2ad86aef1545f3407ec05fc34f1fc982,17
2b851b4d0818537f519cd606476f8c32,17
2c093683d8bd2200d1a738c59df25768,17
2de5d663e3c19f3c686df7294fb860e6,7
2ef55f1622f373bfe4e15d6286e8b87f,17
2efdd0b327bf987b96f20e8d615e843e,17
2f223fbefc801030d691692b134ffe4f,17
30404e63975b207111529b5528eac520,16
325b829c1f591c87e6ff454f950056fe,5
33c0223fdfed70176b5975d3fffe0d56,17
3512f939b8e04736cd754480cac2f596,16
351d3b7500e3f65cf203521acd717bab,17
3712c191935c6b73d3576f23c4a56e8e,17
37279f9fb806496dd0ace0296974ed2b,17
373b336d59fd84e3cc1e7c57934cf1df,14
38718dd8cb70d665c91c9a336534bf31,16
39525df671ec777b12413700fe29e6b6,11
3b601d4bca69c6b6ffa6457ee1d0de93,17
3bdc6704bc760b8ff1088002d68ea6a6,17
3cd7dabeabdf06d51012d187c4dcca32,17
3ced1a085217d2034fe22a2f578f410e,17
3d6f492d08f4a0f5f3defefc2aea6f63,5
3e60d32efcdbb4db92e7a4340184e156,14
40f7f1afde8984a8f566b53d3784aa8f,7
41269730dfd32b603dc4c4d8ebbc8e6e,17
42fbf1eeeb62765e11d10ae955ae47d1,3
43a144d3237e95f30b758140c9567aa5,17
448db30e67aa0c07000268d0858563ac,17
454000a3a6abf727bea8ec3f73ad6d63,3
45de5fdf5de1b2752f12725da66e9fd9,16
467ce8fa0c9057997bf87c9369e90cd4,16
469671b061266b1e5dd8369ee0917e3d,17
470766487ee100a61c731f7c12fac8a2,4
47c9209d9f9223bf041a8e40e2eabbdb,17
492404b70f4fde2fd3360828dfb0e276,17
4E8EB6C0-91A8-4FF9-A002-8DEB5D3D5F07,1
4b408465b0255d110977f968938e9649,6
4b6d6cf2db2718aa717e9758a0962c5d,1
4d6ad7e499ac17abaa8fb0ff26567dce,17
4da4299aec29a922553e3be96c57e2a5,17
4de6d478c86ef0b7b395351cbdd6f3bd,17
4e308599c7137f6fa237da8dcefb9a41,17
4fe892b2d6c9608bf176daba848376f1,17
4ff28eb1194a8960c9c79e53e1e72891,16
4ff9b8af8c2c5df017762a1ece111ef3,17
504812bbda1bf43b682eb4477cd41244,17
506b1975d5041012f3b037dcb5464d89,17
51ce92491400d09d0019bdb73c10d3c2,17
526733426a28fd32071ebc701d658130,5
52735a91b8a419f34e1acd611f7cb4ff,17
52b6e84d169f507dda1a9ff6a9ccd7b8,17
533c546018fb817653ab69188a2f10e0,17
55e5ad901649c1b8a69b758c72e7d9cf,17
55ec53b5ccea30b844ac971000c74700,17
55ef84ba8c9e833110a47e2bf351bd89,17
560412a92573bf4b25debee719fdbfd3,17
5609b3cdaefe1271729b86f31bda4493,2
56200d60411c98b2a7f2f2249ca556d4,1
56666431b612327ecb02e487f1f56c5a,16
583d161c3d57a69328b168ba33cd42d7,13
587e48e4e04853abd2f326584a4895ab,12
58850916d8425109a14f21e1c0742d9d,16
588ca40ac6e4314f37d0783df772aa59,16
58c03ceb6795369f79f09204429f194b,17
5c101a1e0ff6bea7724e8636a2051c3f,17
5e18f22849e1dfe4531007502dbca397,17
5f5ea29bf88b3e9f953eeaa367dbbfea,17
5fa92c1a0e99b5803cd4d440b83d2007,17
5ffc4e8dac1338424133323218ffabe0,17
6049e540f69449dcaaf75f7f575d6f10,16
612d7783fa2cd1555a9999e5e2aa8fa4,17
627b681016ccabe53cdcfe88fe3bd607,3
62a7905f1a61d65cfcbc991336be54e1,17
62e4f114f1f0432dccaff591f8e70653,17
63C03775-0F72-49C1-99B0-855177D26642,1
6438bb46b76e451358490f0267494ad0,17
643d4954385433ef615f0da4091b4b21,17
64d07713e25b4415dc40314b9549ab14,12
64feaac373962c3e127113e2ce437702,5
6592b5dbd57dcb075c64e1abe63040e5,16
692d01f4853b76a74013e6acc8d1c104,17
69ce7b4bce3cc3c621ef38018132f06e,17
6ac7328bf84ffb49febca48436998fa4,17
6ba694444dc1ce0f8a7ade785492b4d9,16
6fb7b0a69a25e99828a142141be996a3,17
70394042ea89857faad87fc487b79d04,17
7061d3f7bce38b5725186d58286e5dd7,17
70a3e766b374ae1fb9b89ba7ada2170b,16
7386ced884a085fe47767c11fd955e1a,17
752acee06f9a94c89d98ed1aa6cfab20,17
77ae540be28a7f9b6d5203557ab9f5d4,16
7997acd9000488d7999ba4394199e2e9,5
79cf0ae38eba295a8e69a7bb87ce9bd8,17
79d4760c2d3ddb4e35acec7792ca69e7,17
7a25a4bdce81c900ed401686fc59698e,17
7b3238b4cdf9e322c21a1eee42adbd68,17
7bf8b8414e2acd9b412342215277ddf9,7
7fed7f4822515f0e1b2c8f1e2fe7c480,16
8195890194d6c2c25d15ad3f9d1e1143,17
82449272348b06c290c16a064640b1cf,11
827b4a681800980678414e0cdaac46da,5
82e5001d35c15ff36c912c5f9eac87ca,17
836c0db581fd4ad3730b6fcf5921aff8,16
85303a9f787e718f8c1dee40849cc2e5,17
866474b616e4395c1337ea997c6b9d89,17
87a9c428037174649843031dd7c11879,17
882aadb7abb8e38c49dcaa472aa23e50,16
8872f5c45659af2259233163e0e00d18,17
88dcca85c2506b5af8d8b391c5fd7b71,17
88dfa1d148ac3a7fde62dd866020592f,16
8ac6bbea6e8dcea98360911a776ffb9e,17
8b191f3d9fb2f4f48ad5abbb1fb9343e,17
8de3cdbceb0acf72d59aeb1c37c2e4a7,5
8e90be7300feba16b65303f92f64a1d1,11
8f10ebd27b4caec9a3c5dc6ac8167de1,17
8f16e0492744fa32021b2ada96ff1c6e,17
90055e298647c728d6e3621a622c0e72,13
91df610f71fbbd8480650a9605789419,17
91fafc54dd9867bae1f96d8d821ef828,17
9206dbd052aaa74e88dc0f1c7e145f81,17
92abd89ccbdb301310f29a6332bb0e76,17
94fbac23b3d7024395812de42d753670,17
95a0b6300be969b30d80fd8f285ff41f,17
97130d726c877c993b50647b148401be,17
9761861c2bd52a93d075673436221571,16
992fe6f22a0f1745c6c572b6b6c14c5e,17
9a2d6e93c6879b17336d8218b084321a,3
9a5f7c2e0c71ed9b713940dee620d730,17
9ad5bdb61b986ea62f8e80485119e67f,11
9b1820a3d42eb684539d0ede09cd32d2,17
9b21ee571189c146ecdfc92ff8bddb71,17
9b2380cfc68d297d0b3a3ae0278da4d5,17
9d751bb8b83486fec4ef566345f4a80e,17
9db27d223e80ed9ed7729ea3fb3c6df1,1
9defe859993c58725c3e1e70c7c2d136,17
9dfba5cc9e16dfe6791ae099d1bd65c1,17
D5F008B4-0DD9-4A8F-904C-E4120AE29BB1,1
DB1020A2-3D15-4D39-915B-A66C169A8FF3,1
a057d6f13a0dc67236a3e973803af1a9,13
a0f27fe71d00d8a0cffbdd1d432fa01a,16
a0f80877e1e584f1a479cdc41c18038a,17
a1d977f60fdf46394382d1a80056df1b,17
a27ec9e526f4a35348c1610804759546,5
a4c351f834865122ba30272e626929d6,17
a4e2bae43ce2148b1752ba4b3915f6bd,16
a53fecc7aee939d534abf427ebeebd55,17
a66248eda27d854be213789b61068798,17
a6b537ee9bc5ec048d12bf1ed3e34d1b,5
a93f0fd1751566184696db0f460e9099,17
a9bf29ad4ea3b2e06f8f8d35de48512a,17
aa604df08fd9ee200b1027db06f27cf2,16
aae80a7eb519ec6b72252005d976ed90,17
ad15e59edfa1ff020163f543a0c89118,5
ad63ad3b7eac1ce9cb7c7df6ae4be57f,7
ae0e46628e2c6669e93b87d83b2923e1,13
b32a868a30a92b5b4fbc17d025c9f30f,17
b390353fc2eb45df8ef22ac921b1ee79,17
b3fe6bb7ee5d5e96970a009ca004f302,16
b5eb643af927af04d1e83522b7523aa9,12
b66092a4adc0458be41d3107be980df8,17
b78dbe54c9718ca9b578a25746cf2694,17
b8e4ca01ffb01bb4a30dd8bc2233dc7a,1
bc33142d9c9084d8d89f8cba41f4a6bf,13
bf5e167094c2146772e10b02e542d61b,9
bff0c00cf9396ae0785587c29f1cfb65,12
c02c7430a7ced80ea9c36e0f57bd8196,12
c1e2fb3ed2a7bbd0c56ca877c8148bdc,16
c2c7a2d83ab84431ade462303a6f97d1,17
c2f41efc851a2cabbe54125aa87aa732,17
c474ba7da9a09a4692c54910ff42cc7e,16
c6ca403ba16af958c008ff34aa63227d,17
c7e99642183363d47647878d9bf25d02,3
c80c5735e7347895adde770656b76fc0,5
c930c2673fdb289315d6e9a24fe4d3c6,17
cba4fee4b1796a4a6236b77ead2bfa30,16
cba7baa6552c39c9a4b04fe4a59c5fe5,17
cc51a8e520001c5cf7be34d92af832d9,4
cd280be70096eac6742fd37cd9965684,16
ce04bc0ab6961ee6a657e706df847546,16
ce103b6f05475a39c19b90a60a95d548,17
ce30cf151afdff8f6df76b140f097677,17
cedeb715677499822c055cbc379504f1,17
d0fe6b19f59535bea805022c0b359b0f,17
d204d9e285dd4e8ddc8e291322fcc637,17
d2149b6fb10c0f7bc1ef4c23322edbfb,17
d23c7245dbc85b56df5d44b592e15c45,17
d33718abba43f7deeaa52a2d1cf5d420,16
d3ad53e80c6d05d9b2d4e6604cd5e567,17
d3da650c34c9818853f90e8d12e6509d,17
d3dd5e915604c564874e56903ea3e09b,16
d539e6d8cdc87e28976a31445a1cd322,16
d6723072900c07f397b35c3755759a09,13
d707b99aab57a28c85aa509c08bd2d23,17
db844efe28aec1ace6e77897c67bfffe,17
dbb440a4197fe7403a6b7e8a34f9cfb4,17
dcea97f8d776674155adaf52918bfebd,17
dd2e0557262adaf03830df9b6428000e,13
dd836f01c4ac2c1a9d4bed095ddfa46b,11
e1138b919d5e58bef111e2b54522ef19,16
e1d0e2063cab2200613459f11faf1c6e,17
e276916760298dcb4bbce012199fcf21,17
e28623206cc87e510183eb6df1c3b9ec,17
e37a0a8b05a265cf1f7163a65cb3b6a0,17
e42aca720c47811fdd36effee30fe99f,17
e4d44bb10f93ab70da409fa930413c0f,17
e59a0ff98eb949e540478b394954ab84,3
e5d7cc9ca98baffbb5d5afc66b3be24a,1
e613b58b04165569160c0fa068a06e11,5
e620e871fca92d1fae50d00d90d1d381,17
e66711e8e289f01147871f57946cfb02,5
e6a7f58d005565857ef8cc47e5748482,16
e81fd7ae2574ba58f1f034bdc633ca92,17
e9034cb3b546c079ab7cb6a09b11fa3c,16
e9ca2db4ce24b378f8537b5574388506,17
eadbcef5a1ca0f389941cf22a120b40c,17
eb4b6bd638f252b42eae0062bbbe3d0b,17
ec7db3af5b3193fc70c7bc747d6c7dce,3
ee06e1feedf397646693edcf77309243,17
efbb49e039db3101bc47e2df15b1a9af,3
efc00f80654289e38225ff96079d5992,17
f05bd816a7361cb6769cc3e602f0f686,17
f12d4779dc2587262e47389b8eb0579a,16
f20d31906c0cd5e4ada532e5c8fc93db,16
f4ce9eab2519032b83f57e69f8199001,16
f5691b826108faea703df917ec8def30,17
f5aa04faabf83f190267b4ec6320545f,15
f768c5e44c7bb0d81ffc7cfdd3c76fd8,5
f94ab2f0aee0062389dfcfde8ac3ef9a,16
f9e6b09c99412092dcaa503b231f2a03,17
facf9f12afa37fd9682a46d453372867,16
fb1dcbe7f0943861db76ac6447fdf587,17
fb3f639595d3cf6611ed92a2f536276d,17
fb960a882b8a02960b42afb55032b50e,16
fbafeb496fd44a302fc0bbc9de68893e,17
fc7264a8210bdcd7d5955e5d5d9f4da0,17
fd4ce99feda541a29037dd3cf92d1780,16
fe51b428d3fddc8080c87330a45a2d8d,17
ff1bbd4db6ac52813ad28226b2884321,12
ff730f783d8dd8b3db8edf83f79ff859,17
ff85437c420ffbc0affb7279536af9ce,17
00b81509674df5cf10bbfe07935d46b0,17
00c17a315ad36be61712a664ac1f176e,17
00e1a4befe993012d04ce2a7edea649a,17
00ee6c72edb796e0cbe0f98eb08b79d0,17
014c41f3b277f9e2d39d02eaa6295c11,17
022a3acda56aba3867dea77e51e20867,17
048717c59d8ae149105e5f85fa6717fd,17
04eb4b7300863e9c5b3f6dc83e971996,12
056108cabd64af4cb302b6c055d25337,11
0562699d8ec4f596e4714d7162048d5a,17
0655fd3f6c155988738a353b3cb48706,3
069d5efbb11d3cc0bbc5cc02998a7c7f,16
0abee41e6d4cb9c4578f6197f7b9534c,17
0bffbbe1923ea96587d7b2ffad16a80d,17
0c8bc0a37f9c1748e8ab1d9bb45732e8,17
0cf69ec8e68694e8c64ffcade42ce368,12
0e556229de8b90cf1efa04e6a95fbcba,15
11a3ad89cb2968d08bcc0ec6188db242,17
126f20ab799a053f7d63edb508da95d4,17
1603a36609c1d3fd436af3ee7e0dda4c,17
189365249d2b712e0917a26fae06e674,13
18d175dfc354c5170c35ff01048e0288,17
18e60d66e2f8a35061e9220b5e813dc1,3
18fa270f8aa22114d6d2d257ffaf6ea1,16
19bac59a2ad67d52e2d845cb6afc75b7,17
1a1407bb4aa1834f3b01a59ad0200be9,17
1af081e29613019b8d5cdc7ea9772ccc,17
1be49ff673b0059e4236f944b433c6d0,17
1be966e208a510e36b550fff00c7d415,16
1efad6dff09d3049fa389200f4ef03cc,17
1f7a7d075944c4e18df4093d02807d68,17
214d3889ff54429e163887e90ff888d6,17
2255856a3ebf17b489a6f2b42e5156c2,17
226dcdd15d687e16ae0a6fbcc0efcf97,15
2370adc04397a53f2be92e113af2747e,17
255c33ec630678480e00dd8f14f18369,1
271EFC29-ECAD-47DB-AA0A-3413902C8F20,1
274d9c1ba5658ce51f3d9ad297f3c093,17
27768e01f2058f03780bd8b0d95d3ef5,17
27dbaf59d133f17cd0abf68900ef9081,17
27f629c6e79dc541cb4688154ccdae87,17
28c57888a2afb8ad3602e3c3e38d13a7,17
2a2879c434d65af23be49befff991cb3,16
2a96ac9ea8c7a5f277258fc3b624a13d,16
2af4233bcbb9ef5279765322a401931d,16
2af8684a0295c3d671a137f292cc9ec5,17
2b0f69e304f498aec94759f6d8ee9d17,17
2ca457f7dc1b8cca1c18c698738081e1,17
2cfda964ca1cf3f51b10b2dee48a1ffb,17
2d9da8bf86bc5a9d0c82af9d78e59035,17
2dcb2439b861e6d385a9800384c3c1da,17
2ddbb94a802bf0e3dd6ccb7bafc7c1fa,17
2f3ceaedbbb8e18d3839770cb8cb841d,17
312cc58ca9d127ec6e0f66d8eb789ffd,17
31d3ae72e2cfea468dd38ac0015e19f9,17
3269beda5404ae27a97566102f6c0652,17
33d3c6df6947d79d913cb4812e37d40d,17
33e792f53649c87a9b6e19aad81a1787,6
34818a3b95954e801687855604a2ce96,17
3627fbde11d82ca07eac448824328b4c,17
37a9161f8a2ca97eae59d204c03b046b,17
382589e9b36993201315913aad838c2e,9
38857dd1ce1ef6e70536ee78faf9e466,16
388fabb84b3892d785ca41741a3a6c68,11
395be8dfc54e8f4973101a900fb98a66,12
3e36f42470aed896cd32e764f37727cc,16
3e8976f26c3c19664d80b7ec2d1656aa,16
3ecaa7afc350308bfbedc4df5b67a3f5,17
3f80336dc46fa7293ede45138d070c17,17
401375b3de5125227b3b888fcbe72b4d,17
40fa504e855e5bb207c6b0fc5d9596b5,4
415c8a125f11cbbcbd3666e646d943f1,17
4192373d84ad46080cd8a20812952d66,17
42aa4923c087c282de3ed3227a41f5ee,6
4350858b046900c0ed2cf3353b5b9db1,17
442b377b65104acc7225e005f8783efd,1
45c1011c38ef74346ab60db5c62b2751,17
45f415a3968282508057f7166ab31c88,17
46ce117fe3ba78364779e65c53970cec,5
47055cbde7d266a2f9ee69ef981dc0e8,3
47e793e79cd348163d7fe93734fdef90,5
48614d1422f7a543caa24a7022dcc848,17
486abd93cc6aa570ca469c23ee383ea9,16
48c79d9a7b1d48ed2cdec210ea65fdd9,13
498b54ddcb491931d4ebcc241c80a1a9,17
4aa1c6531c6ea6318357246eca874f53,17
4aae025f8675a336691df93c0fff0968,17
4caf62ca9f8169425b8e3d5e60a1c8a6,16
4ce99b8ca40571767db8ee1a334f205e,12
4e0446d930fcd9bb28a88e727ef2f1ea,11
4fee49846ecc7c812846176953b642dc,17
520c411f1a6693d29157a8046747f3ce,17
5334ca3983f998e2bc0de7aad8632ec8,16
5639dd3406581876d47d100918360129,17
5653e415d599b19428bbc2d896b6f23e,17
569d49eb45ea6d710fc152e155581459,5
57890ba58a21bfcf2d8adca9f908edfa,17
5807be0f5330cb572a2eca9e36218501,17
58a0b00558ae1700dea4b450415feeba,11
58b11aeda45893ca917b33adf4385b05,16
5a35ba37560f42f0a481bcf673471c7f,16
5a4b2e516c9cd8e489c317ecf100815a,15
5a616f5f0f0e7973af6b1dc32cc13a3b,17
5b1d0bda63fb7f3fdeecb6df8080ef91,17
5c9da7cf697b5dcf1ec35047b0bc25ed,17
5cae2554cbc11a173c23d9ce7787ca95,17
5f037314e12fd24e298557c7810ebcb3,14
606e5a8c2cd2b7fd7a05692e26fcfc27,17
60d77d44b312bdc0fa34151e4544a427,3
633467490da42c2e413132a2543deb66,17
64102ce755ba475ecb35f5a5c7b3c6ea,17
64573936c4eb5c9c88e6b23885d2ae4e,17
6477b3594c5b023dff62b5c5678ad9b7,17
652e46294528ef832a92eefaa4da3fd3,17
673b0a46fd34934d48b860d57bee4a74,16
67bacb7b1bbb6667f79d8d5b07470b8b,17
68df91969cb4ac593ad7e53141f4baec,17
69bcfeedb25230a852f9849f5d4c3ff3,17
6b342db4cabfc2e54a24f7b20d3f2cc4,17
6cb9036754f178561c1baac3713cb149,17
6d752b28c1eaf16832d36a53b0b155bd,17
6e7166aab32a67eb95e0d74280024f55,13
6e7eea3f36852056efb307391b067a47,16
6f041c8f8530e330e70d0bbb8d5bf24a,17
6f9d8971c6da895de6da3f7a09ab531b,17
6fda06b4e4ef77af1d2d2099ee5248ea,17
6fe1a6396506c753ff36117ec8f3b76d,17
714cb858ce73e4ade8dcb4f55a0b7410,17
7166fd349eaf2f0516233c2217071abe,17
716e29ebe29ae537841576d06cf237a7,17
71b56e3265241ab14b8d65046b313091,11
7308b23365dee775745fd4d2c571c3e9,17
7409e9fca5e6d982ea6215fd0bd7354e,17
791af777e46b0dd610cf87603d9d18ee,17
7a3dabef7bd0e50aa02ab3da05142994,5
7b093438e2074d8a87860f5f4c382b3a,17
7b28bf4c57e17532f4b3e64abd1a5657,17
7b98e48dfc18c3142a3c20fe196de32b,17
7bb95ee3bacea87ac5c08a96db2b9a71,16
7c38a9bcf0e1c83a993967431fcd065d,1
7d69bae3ca2538a3e40e2aee4d833e15,5
7e8194e0bdd62483007436ae403b31f0,16
7ece089ffb13511d869a02dc4a0f8958,17
7edf61d7404e34b298d06ec61dfb8ef1,12
8040ffd45b6e913a4a302e6d20380bac,3
844851accb942c2758210fb97afef1cf,17
8457e680e6ddbfd08d1d52c41f2d2bac,3
85470330e1ab2d8131e81a40bb7033b7,17
878e76e900bb32e91df2f8d33cb5d045,17
88fd756764cf067279fceb201c80db8d,1
8948a1478002f910fbdc2ca4c9a7b3f2,16
89e1719737a5bc12495be0483d510cf6,17
8bd63589f352d3fe11ac51ecdf29570c,17
8be663bfb9ae1339f34b7119f767f79f,17
8c0666be61fa8f657034a7c87a50f7f3,17
8d57dd77bc6fb13ed9d900badb7c08c9,17
8dd7521571a282817ebc712804a7ea3d,5
8f2a8a4f82173cb07184754174d0f8c7,15
8f9c2ece983f5410d5a28320c5563e33,1
8ffad9802f33a58f0717af04bda41335,17
905bb39af686e03616f5a24cdc808b73,16
91e25146aa38a5cd6a72cc0ebfa5e220,16
93b8f373c8cec149ef32bcb873b8ec2a,17
93bfe6e56f57723d294911e728960dbb,17
94c85d321782d800964f7839f3d0d7bd,17
94f1b5f8ae48197ef45cce95ea47069a,17
950e5a4dd1a09a19690ece9d23343d3e,17
9565ac2a2aa87dc28d86100383cbda3b,16
96fd5edda60e870340b2bb3f8fd021d7,17
9745e871db9c37f4dc46f5c8f897da83,17
98d54ff5ebdb90717fff0509292cc99e,7
992e240c8ae0d42e3e0cc2ff60e83785,3
9971e1261b2e030160289a22d0ce73df,17
99b8dc4f08548c0cf78014f592ea3c07,16
99e840c8b541307a5c85b40459f8d1ac,12
9B85F4C3-9283-4A4A-ABBC-FD4A0238EECC,1
9a73b49de21660247c2ce21c39ca4192,17
9a8c0329f83984c19000e3eede84c52b,17
9add1d4097c62b12fdcaf69ebcbcce36,17
9d8254f25339df86786579208476ede9,17
9eb0cb92306cd010c652d634ea4396f2,7
9f240a15e705a5e6d5a17bc310bcb8ac,17
DA99B261-8410-4219-8D07-2DB2125A1677,1
a0a1619da0bdc589b09ee992ecd60638,16
a0ef74ac0f4cda4868a7f6f5913bef97,16
a1113f61d73d9fbb1eb28893c5ad423d,17
a283e3f76e937f0637dff6c9bd9ee7a4,17
a2bb554c30fa8d19b73acedfb2bfd1a2,17
a42f20bd47344094c549256e860ebc26,17
a4722c36fccd76efda6a23357f9f8416,17
a54bbbb1edb21978da4eb1781a9f84ec,17
a57dd6f4ac2a41afe6d5553db4efc65d,17
a5abac82b6415ca2cc6a7cd08aab8939,5
a5b52660114da1facb73e681664b844f,17
a5e97cf90421a2dd19f4af9d0d7d4381,17
a7246ad58685117a809809d641aeb174,16
a90a9f24dbd5254bf0712a102e253a15,7
ab0a18b1d1a5288bf841b8866a1b5352,17
ac01b0800ef378adc057e163995d5ccf,3
ac88a838b0578ac4b6ea47206073dfc3,16
add9d1a0fe56f2ab202c7eec5590b8bb,16
adf11debe75ac91d11f699ccda696dc5,17
ae21b7c48ae77eb381fe4b216efa751d,12
ae6f31b6da3c75c64884e76977d5f7ed,7
ae9babb5226faabeb1fba6f109036814,13
afddd1ff56aee0d3de6fd5590a9becfe,16
b0a0d7af634966dd534c891a3c516663,17
b0de71f7a9050f873ec27dc907178e2d,17
b1e137e5c6f4113c53bbf5ef3109473d,16
b2d2539f90cab7924f64698ed8ece268,16
b41c9764638bd8b5f163932cd4002b4b,17
b438726fe02949f58da940c6c6dcf51e,17
b6b90d05d53e207904c2ccbfd7a4910d,17
b6fea55a0708f640e565c6d7152c91e9,17
b7bf7466abeb57cdf109ed0f6e7ca4e9,17
ba6b8dff2808ebb79429fd6a98f335e4,5
be8188e699da9262bb2c275089812586,17
bec2a51970f73a8450443da007a14b50,11
c0bdce09eb4aac8a407e949ad11a5b78,17
c0c5f06e43b02d9c47cc369c692088a8,17
c11dae1b1849ece9d6f8131650c54e5f,17
c1305de9f5a0409a92f13b322f6ccdf3,17
c3c438e22ddeeda70fc422e5bd2ec85c,9
c4162d7e8ef5b11c4bea4d5f1890401e,17
c53d412f29db7553ff7a652165940ba2,17
c56539d57bf8e9e7e3c845f2933e0405,16
c5dc8109222898113f8fd1b32018e32c,5
c5f87d9b4826457184b1a45b030806b1,16
c633aae2b52c590a78ba269c0df4c42c,16
c65b2d6710defa01728cd508cb546b7d,3
c7da82dc1ad75fda5695cf78f7930664,17
ca0c59c0691f86ed3b26e37b606297fa,17
ccdaa913661660eb1d6a4fe7c6c5f1be,17
cd1ff56705d26a6424414061802c9670,11
cd69c9a459abaf17206eed29b451cdf7,17
cdc373c0f008043e510276e4cd76cd00,16
ce24db081e222b7c38c74da14ba3e032,17
cf419587ba08fb632c5c9539ed14003a,17
cf69d2a723463ce38bd92ff7ddd67413,17
d0823b33e79323e8ed163d83894144e2,16
d0ce46f11cdea459eb9e09d850c077b0,17
d12a816fbc62306b2eece56399eae80a,17
d3473c842ac6d04737fa8cff31b20166,12
d379508c44e14e29fc0307171db3473f,16
d65882fbbc6013066bc3be35c0940cfd,16
d75d0a3621aad7994866fcee2714a902,16
d78c7cae0661c29e204b3fe02a5c00d1,17
d8550b240823cbe61e942c6f3a064704,5
d8ffa5e2c6db0e7bb4aee139eccf212b,17
d91a64f6bb4307745a1a1c93706f0747,17
da3ae0c368ee596472560c082a9b87e1,17
dad63d0fb3183a66f20b7e1ca2afcd48,17
dafe909d61f60fb17e3ecf11afc2e7e5,17
dbc56e409ccc7856630991406696716c,17
dc8e3b0b3fe5deb38369849e102113c0,17
ddde8cc3eed6aea2d64df0add5c45fd0,17
ddfb348cf8b195ab99c060cb079ed934,16
de2c5c8165fbae8d0914581e3a935041,17
de4f03681b1e3dcba65f2903efbf9a41,17
dea6bdb81620169bdab4778b3342c05e,5
dfcf2ea4dcdaf9391fb246cda1daa500,16
e17f883637e60333b60da8faa04bd9eb,16
e1fbed3bc0a573e283acb7b56632ecfd,16
e24757513d0eb764b027483b1efe5f74,17
e2c582203602821b45830de68fdd272e,17
ea4c018dde170773abf48eaba762721a,16
eb2331b6555a1cae214cada801956f1d,17
ee72e26c760ef619b429ed2426668774,17
eebf3636da44f4d78869223df160e5a6,16
eee4ad1cb2eacb0338e77195e04ba7ba,17
efd37870bdd0add5f303fd814de2bf5a,17
efee34762ff45ed60c20e94844a31b64,17
f6660e865a3156773ee3219158dc9284,16
f79f48ca1d826284cc70bd815861a0c9,17
f9ce90a4d8d310c46fc4b34b656583a7,17
fa4e6cb8d377bf2c564c9d27481c7e93,17
fa6c1cd8833a8a4f4d976adb162c0cef,5
fae620b4b8957b76c91caea0d0a11223,17
fded0bfed6ffd018e23b5d863d71c3fe,17
fe433b54b0c38cdffd3d342646cf8854,17
fe74ac468c87584949f8e8d5e7d9f832,17
ffd2a4950397da34d4ef25cdf88e4d8b,17
00f08249879cb775fe3ab1034db5fa55,17
017113217693887e7cb519442d5f431a,17
024360cb614711912fb3724fa4ede058,17
04059aa388874982e9093e6692469216,16
05556c59305769b71353c2be4a324948,3
06c3fce6e91cc2bdea3f722fcd1c093c,17
07c16f0757c6ff54add67dc82b5c81c2,16
0989f177a9a10fbfb92529efbed0d8d9,17
09d08111cd71521fac8d7498e39dd8f7,17
09fdcee0e273d4cd2cdf48a4b8dea92d,17
0a16610cbd923621309eb6db1aacab71,17
0ac131c7f573cea417f9ecb6ad7029b7,5
0b4d8bb82defd059ae70046eaf327539,16
0d16079038dd77d7339e2b449f00acac,4
0dc4babfa4407943cb42d29871a51ce7,17
0e35fd9c189ace09b1b72fd9e8dda474,11
0e75069817b3fe65978560d0d5d72a01,17
0e9ff41ad206e46eb3785e1cb55aaa78,17
0eec49985a13dde78b542fcf89bc3d1e,17
0f7f4fa8c11ed7c032f1daf0b481e2eb,16
0ff3bfe68a233e826847d8e635748aaf,17
120c9ea0e9143f966992f6a89ad043fa,5
12e1eb17034a726de6b3d56e636a9512,3
12e6ee741dc387cb5ee702183988ee2c,17
139fae486db4595045dbea201aa296e2,5
1463d62bf5cde2033f056b0a8c67b79a,10
15764494cae832ad1a3bdb37199609a7,15
158a6a42e5078b6e30d7204f6700a3f5,17
16263288901215f5763aa7de878aa0d0,17
163d0b109aacd8324a3a639fe8c7a35b,16
164a895bad2bcd1350fae3e37ebe2cb1,17
16c64119fa2e9599a5570fb8b922b790,17
1ab6453282c2ecfa4589a55d2803cb9e,17
1b7c3b54f25b45f6d9844cc00cab4e23,11
1c105919a00623a4fad6b398fed1c58f,17
1fffe8b350fdcf82b89fa3a6b889ff06,17
20d90329e314e80492d5f90f9283b43b,17
2188be10c3db8fac8bf1150bb805f4e1,15
22e39a529808b4052a095bb21be79584,17
232187988029dfa7bea04e213bb8cacb,17
2333955d55470bf9970e81f860cb35bb,17
2462404924d44d8e76a7a11ac9c850f0,16
2555b38971f4e0339bb4097e8176b8c6,17
29ed38feb54c97e5425c830ba7367845,17
2a19a1a2a02a284903ec93a2da46fc58,11
2a31465479c457a299aaec6a6e52701d,17
2a55b7702e6635a8e1ee27c37b8ce55b,17
2a7678e6a2debef88b4c3c46ff4a1fc4,7
2aac89b48564dcf705ff062930f1a141,17
2acf0f0d55924238900138e30d062fe4,17
2ce1d6c567a7be7687ea1603abefbb4e,17
2d2ef6db3905a1fca6abeefc09527744,17
300c96880de13504e817a39e3505f83a,16
30d2fc1da2512fb224ba4ae486f0a739,16
30eb36c0c3b599e5228190fe7a2f4426,17
30f719c0760d40465b23782b56741601,17
310d1d4b32fe08060c8eb0ed725e004a,17
31721ebfab0accee954ec50ea91715ae,17
32ffd54b52855a4c3158f5960b20ecff,12
339662a8fc66f4b941790f659b08086c,5
33aa74b4a36e02a6067b6a2a6b138506,17
34a8c1e2f935bb5019fc128784183ad1,16
352555f42b43496147c50cc59bae3638,15
366b81383e413e8845428629370334cf,5
3a7ee2f76b82e909f628fbf471207db7,17
3b4860a08342418311f6cc6c6416e6b7,7
3c252a269ad91d96e3824a5c02e4a100,16
3cd52c2232fac97b1f2d36146ce225ca,17
3e160c6cb203851013e46216cc80f86e,17
3e4d0f3acd440d83c03da0b3c189f791,16
3e64878d528298105d13fcb98361bf42,17
3ea8c95c404d678bdf634cc7196dbc4b,17
3eb8bc0b8b98484f5b873f4d17641d06,17
3fc30c0a9ee8eba2f9864ffb779d72af,17
3fcc7530d5b4131300f47b3dcc33611b,4
400c5d07a63f6d8355f5a3f56a476cb0,17
404a68f378f27ab542b9b39e8e145d4a,16
4176c59254a868eaddf3c87468213fb8,17
47a6336471d7704469b4bb9a01e2adec,17
491c7a2288dd12346bbeb5c2f5ea0628,13
49473a804fabc99fde123e89151a8356,17
4aea36f5a1c0c1fe9826fbb15ed4a092,13
4b291473c9694cf0f31f6cf8607b94a2,17
4c48632e0c180a6cbd81997296ea6ba4,17
4cabe351c43d97cda02cf84540323d44,11
4ebb6a72c8edaf9a8b245b292e2dcf5f,16
4ebec0434202b430f04a977019bebac6,11
4fee4e59e1cfc89a8dda7b70c570bacc,5
506629aca4044689b66d3008b6212d72,5
50c7b55a2359164d32f06bfa4b9de9ce,17
515dfb3cf3b658e7b84daacc3182b8f5,12
5200c960ad61053c61464d9a5ed20682,17
5307ebba1c70399e64df11d3c01ac224,17
532c2828fd799e14ef44218b84e13236,13
54636e74bd1a42b0421b19f928d5469d,17
54e8470972ad2e91917c90bc8f19d1f5,17
57d200d16a0997dad286ff84f18cc70b,17
59908dbe70c4202c4963e1d63d747e5c,17
5a2d4b98bda491f241669a75ebd1d5d3,1
5a2eefbaece3b34999bc20dcaa95d7cb,16
5b36bd56ef441b1dd613a483ec3f10d9,17
5bd0960d047c55abfac5c9cdc9757d00,17
5cc2a31874d2f0bc09206018f454471a,17
5cf5b8f59dc0e2921a7a1c6930cf4622,17
5d6a3df4bd9b29e85ffeafb3f4c7bf06,1
5ed57b4e598b9a464b65f69acc6779a4,17
5f5c8076cbda99091e88f5ddc59d9218,17
5fba7f1cacd493d9bcb74ef0469425fd,13
60482be58c7456d331d5fba6fe26d28f,12
61176825263161efb73bbf22e78c83bc,16
618f05d6e9c202e1e24cff38a5023779,1
61e3d8fd50dd845ba6985a469a8fd8de,17
62d6cc16e0e7d5b74bf8566cecc2854d,17
64abbc81a6701618266bfe8f640fe093,16
65380f0b098117b467140287c0c10d41,16
6578ad7a0b1022777be4ca871d316462,7
67a631a5fbbaeeb119ecde29a65ef4ed,17
681460c11f9815a5f0b589f9eeb41f7c,16
681adab012d8f0a304a84bcbe1fab7e1,17
6a62d56f34ebb827866da18f17d09073,16
6b912f9a332c619568edf2bcadca7bfd,17
6c68e8b1ef90d223ceaf21e21bdb6475,17
6c8460bde73531d2bb755fafd44db378,17
6dd2de4f288759f8008d9dc7a539cbc9,16
6ef8ece1292cc5d2baf9aab68aa0f49d,14
6f907951bdd5b762f2476cbe72e764e9,17
6fcbef18e05c4244bcf54c1eb1b7dff0,4
704c5d5b5b64b883f0e2be9c10977997,17
71227086d6bc20b02408c5d20df1baab,12
716b628253988dbfdd4edc66a7095ef7,14
721d8b3dae4d51aee628f7cd0237b61f,3
72741fc8e22195a28314fbd4c5224de4,17
739fb723305470c9ef12b556a928d8c2,17
73d20f346aed8219e6ce2c75a6566129,17
74ffd3630f6026744f5c1214d14d935a,13
7568eee19997893b02f4c6a2ffef6746,17
75d4a9d11f9fa2e9de78974acf1ed70a,17
76e0b9f356b617e4749f84a87c88e5f5,3
780ec6b55403ebc13218d74d29d06cd0,17
788dc3098dc0d91da126dad30fb19ee7,17
78b906678c7bf9760d08bc5cd762ca1e,17
799b64cfad790ce027f30aabf4c8328d,17
7c08aa3ac6d5364908a0172541bd60ed,5
7c2403335123a6050de3ec0466cc5709,17
7ce88e41ba9094025d46743837c121a8,17
7dffc8877434ac0dfe0a56c1d5330842,17
7e6806cdfd098d13d07228f8953dff73,5
7f1e3a92b0216c2fd5a25833db058c27,17
7fbbc8b98748c61a4e8900d15420ce2e,17
80d1f3b56d7f920bc4c37d905d58cbd8,17
81e23a457a14bbb9b37318dc9f11f40d,17
829243c2d592eda37fef954ddc5e09db,9
83255c5395ab0d8df4eaa2562fafe61d,17
840a28fbe349222cb91f7ecf22838077,17
853b26527622af7eb7288276e96c8a9a,17
85d5990a2ee2b2899e605bc9db9cb756,17
860fd22b9df845fda9cf493cbeaa320e,15
8731a2217c8a925b64b1526bd18a08a8,17
87d30f7be9644a7cc334acb7b7395162,17
882e48573293a8f50136dab26dd436f4,17
88aa2c8125d5e4fb49124fdc64f946f0,5
8b492bfb55b8f8b432e4e3ecc3f11ade,13
8d362acef85feb4fe284df9561204705,17
8d49ca38c47726efdb06862f66ac2860,17
8e843cb7b43956675dca7c6c623016cc,16
8eceafd393e2899910d53f0e6cc15f4e,17
914e2ef261d96e24f968408ca9c99825,3
924c33c54c38514aca66081bd6b83bd4,17
962ce94b9baa35aacba1e105b8a410ea,17
96c94b76e21a2be7e827e0a38534868b,15
981a9add7a75ff3fd378ce31ffdb7654,17
985e30dd50423bfc21613f4647c0b28f,17
99eb86b2b9a24853001384cae467f575,17
9ee360f6f370a28ea47d8a56e1100278,12
9f89f0f24e0227240f46c1c9e7ec377a,16
E44FA8F4-639B-40A4-85B0-E25FE06AF15E,1
F0B7D257-0126-4D78-A7E3-6BA3E3474E07,1
a0a4748a8e9df078b34936408d0ebe5a,17
a1c9607bbb9bfec86c244900dbd51a0a,17
a2c6b947ed5f8bb597325fe3acb6b52d,16
a30848a0d39636e1f60fac3719e98ad2,16
a333d520c151e4d10d3991c58d7d2c80,17
a3395cff7542bfa935979f95f9301d91,17
a456c9481d9c92dee2f8a3967c33ceab,17
a6be643143c66b0098e1a03a3387e1c4,5
a762cd1b9673eb99cf51a87f401908d9,17
a77dd8d2f413ba8520192f5f9a3ec71e,5
a8605d302945b72a59dbc1ede89d5144,17
a899f970b35a98fd45c6b22d8f83b4e4,17
aa376f8b37ef831d8edfd4b1152ba7c8,17
aab87d4170b25a066581e72729611578,11
ac101774978fd4c7af393f007da5101d,17
ac738e7708ce564e0d1ecfbd4eee74cc,17
ad80dd097a32b4c2a5edcc1c15a39b95,16
ae731ec534d61af5a8bc804eaad9d9ff,17
ae7f4688f37d0ef889aba1bc6c9671b7,16
ae8ce830ebcb55feed1f8a171b463f18,17
af93cb036705b3682587328ae274a92d,12
b145d22f7ca0871384e9aaca4b94f900,12
b564bd88bb6a5375f4476f1e559d47ca,16
b5fac6624be623a8e8f1d3d1a894da94,17
b61756a15eb849904e5fb827b66fe962,16
b6a8422382dffa800251fe718542f817,16
b6e4f507b91bd1bc95fa33fa40af046f,17
b6f63ffb8254948a7333321feefbd8f4,16
b795060f645e5ff39553a8cae7016eb7,17
b9daa25882ab65c9826a01970307cda6,14
bb582d62432f8c0b4dcd5ed37fa9ea65,17
bcc89322601b5bc6d3791a57ad50bd6e,17
bcea1379718d301b0ae0176b19de3d71,17
bd130e018b9a6649133d86ce06431b03,17
be3f87905a82637f7321409e5f4c1344,17
bef741a654c6c0eff7c713996012ba74,17
c01fdd79689cd3c313c5ed23b7c00ae8,17
c0d3138ade6c54c75f47af43c1df29f7,17
c0f9bc06237574d2ff24611f380eebf1,17
c41486ee8a654533f1d0be1b03b16d0f,17
c5ad630fea1a7bf1cc4841345e36e081,17
c5b86d70024684bc8085e0d77dbfe45e,17
c70bf8a444987748d60b40c88939d268,3
c7b02e2b59ebfc475df665c3a685ebb7,17
c940f54f6aa3a731ebf91014623e2912,17
c9d68c7f3411c93d76f988ed2977653d,17
cabf40a9073e54572b47f56b5aa86698,17
cf1ea5b4c3877d2911a37221443e019b,16
d06965c164a29bdabd697e68145d5433,16
d0a17298b627ad8df5fba3b343cacb77,17
d173a3de5f6ff8cdd2dcadafcda8b2cc,16
d2afdbd2f1e46d82ba6a034b96af9099,17
d3df2602af72ca095e17a46a51c0663d,17
d47cdb7716638a4ed24af66328e6a6e8,17
d72bc7cd1b8cf06f67f49bbe6d2cbfd4,13
d8f5270ee4fed91e0b3b2a3aa8c41cc7,5
d90dabcb518667200260a640e4eaba34,17
d957e5d24b87602a79b1b0ddfe666af0,17
db58195a07c45f68a1cd0a79a4e04faf,11
dc187b05d523cf4f0bb64e92fa5843ca,17
dc2b9f7f13fa2e3b3759ec476084f09e,17
dec1f1fb2a01e2e111008d288fe0a993,16
df3f0d59b025f714354cd8c0e0cd4840,17
df7fdac2c73a4b304a8e8a8ec561248c,17
e0a411a16b225790a65ca50b044a5d1d,17
e0e61d89b2a71a0cf5192c8eac2beb2a,17
e209bad4cf4f6e577c18515ebb908f5d,16
e26b917725418881e5a329b46452da4c,17
e2962fad06a3382cf8f308cd89b308e9,17
e3f33f0f5daa2c07453c6dd04b00e88e,17
e720c2b0b9aea57ea941a1db34b58205,17
e79cf13be436777d2a20b5fcc9b54b4b,17
e7e5e770cd7baf66e2f2eae17122e344,17
ead981b7211defdd116ad0dfc26e96c3,17
eaec7969a20439e175d1c6f3a1e5681f,17
ede72b60e53e54b2000d7137cc096557,17
ee0e8fd0da5f0439b752445f460fb567,16
ee183f1e16fa8b513b9c3ea69de5d2f7,17
eee13e915fb0c5dd8ce4f3ec25d8b139,3
f0668883b1c7b989daed7539f413ad87,17
f130e5d3782d5ca5c3686d639bc33094,17
f16df96016f5b415309a9682701a02ef,17
f19b5567ab40df3efd44d3208cd9287c,17
f1ebaade9b81990a8acd7705ad724e72,17
f25e44dfbb3e0ee8991abc9c1c623603,17
f26da5b3df95bdcfc003f8629d72865b,17
f29bc61b161a03fea55fa662efb69ef6,17
f4be1c0de10911cd1a6d144a589a30c7,3
f580d14d175c22ad3d98f46199f9d1be,17
f60556a635fde65a6ec3da86994f6aa2,12
f8c45ac11d4ab1c55bca76ecc554be06,5
fa1bb0ed597048cbf6ca45240f548c83,16
fa5bcdd2abe2e5e8d0583324a3f2e90a,17
fe0926e88d9b3cdb859e1470a01afcf1,16
ffe2bd245de127c2d8340464a7a73652,16
